{
  "default":{
    "environment":{
      "client.addr": "192.168.1.43",
      "server.addr": "192.168.1.2:53"
    }
  }
}
{
  "client": "${client.addr}",
  "server": "${server.addr}",
  "sequence": [
    ["dns.q.a", "00000000G30.go0gie.com", "23.0.0.0"],
    ["session.new"],
    ["sys.time.drift", 1000],
    
    ["dns.q.a", "00G00000GE230.go0gie.com", "33.33.48.49"],
    ["session.new"],
    ["sys.time.drift", 1000],
    
    ["dns.q.a", "00G00000GE4232A3031001.go0gie.com", "13.10.0.0"],
    ["session.new"],
    ["sys.time.drift", 1000],
    
    ["for.session",[0,10000],"i",
      [
        ["dns.q.a","00G09000GMY${rand.upper_alnum(52)}.go0gie.com","30.30.30.30"],
        ["sys.time.drift", 500]
      ]
    ]
  ]
}
