{
  "default":{
    "environment":{
      "client.ip": "192.168.1.43",
      "server.ip": "1.2.3.4"
    },
    "config": {
      "net.gateways": [
        "192.168.1.2/24"
      ]
    }
  }
}

{
  "client": "${client.ip}", 
  "server": "${server.ip}:443",
  "sequence": [
    ["ssl.send", "text", [
        "POST / HTTP/1.1",
        "Host: ${server.ip}:443",
        "User-Agent: Mozilla/5.0 (Windows NT 10.0; Win64; x64; rv:83.0) Gecko/20100101 Firefox/83.0",
        "Accept: text/html,application/xhtml+xml,application/xml;q=0.9,*/*;q=0.8",
        "Accept-Language: en-US,en;q=0.5",
        "Connection: keep-alive",
        "Content-Type: multipart/form-data; boundary=---------------------------708960429131151983491114524",
        "Content-Length: 225",
        "",
        "-----------------------------708960429131151983491114524",
        "Content-Disposition: form-data; name=\"upload-file\"; filename=\"test.txt\"",
        "Content-Type: text/plain",
        "",
        "test",
        "-----------------------------708960429131151983491114524--"
      ]
    ],
    ["ssl.recv", "text", [
        "HTTP/1.1 200 OK",
        "Connection: Keep-Alive",
        "Keep-Alive: timeout=10 ,max=100",
        "Date: Sun, 13 Dec 2020 13:30:14 GMT",
        "Server: testserv/1.5.0",
        "Content-Type: text/html; charset=utf-8",
        "",
        "<!DOCTYPE HTML PUBLIC \"-//W3C//DTD HTML 4.01 Transitional//EN\">",
        "<html><head><title></title><meta http-equiv=\"content-type\" content=\"text/html; charset=UTF-8\">",
        "<meta http-equiv=\"refresh\" content=\"0; URL=/\"></head><body></body></html>"
      ]
    ]
  ]
}


{
  "client": "${client.ip}", 
  "server": "${server.ip}:443",
  "sequence": [
    ["ssl.send", "file", "./data/http-upload.1.q.dat"],
    ["ssl.recv", "file", "./data/http-upload.1.r.dat"]
  ]
}


