{
  "default":{
    "environment":{
      "client.ip": "192.168.1.43",
      "ftp.server.ip": "1.2.3.4"
    },
    "config": {
      "net.gateways": [
        "192.168.1.2/24"
      ]
    }
  }
}

{
  "environment": {
    "ftp.filename": "file.pdf"
  },
  "client": "${client.ip}:35900", 
  "server": "${ftp.server.ip}:21",
  "sequence": [
    ["tcp.recv", "text", ["220 FTP Service Ready; xyz FTP."]],
    ["tcp.send", "text", ["USER xyz"]],
    ["tcp.recv", "text", ["331 Please specify the password."]],
    ["tcp.send", "text", ["PASS uk730h1dy!"]],
    ["tcp.recv", "text", ["230 Login successful. Have fun."]],
    ["tcp.send", "text", ["CWD /upload"]],
    ["tcp.recv", "text", ["250 CWD command successful."]],
    ["tcp.send", "text", ["TYPE I"]],
    ["tcp.recv", "text", ["200 File Transfer Mode changed to TYPE I."]],
    ["tcp.send", "text", ["PASV"]],
    ["tcp.recv", "text", ["227 PORT Entering Passive Mode (123,45,67,89,182,97)"]],
    ["tcp.send", "text", ["STOR ${ftp.filename}"]],
    ["tcp.recv", "text", ["150 Go ahead with sending the data."]],
    ["process",
      {
        "client": "${client.ip}:24249", 
        "server": "${ftp.server.ip}:46689",
        "sequence": [
          ["for", [1,6], "i",
            [
              ["tcp.send", "${rand.bin(104857600)}"],
              ["sys.print", "${i}00MB"]
            ]
          ]
        ]
      }
    ],
    ["tcp.recv", "text", ["226 File receiving OK (31958 bytes: ${ftp.filename})."]],
    ["tcp.send", "text", ["QUIT"]],
    ["tcp.recv", "text", ["221 Goodbye"]]
  ]
}

