{
  "global":{
    "environment":{
      "client.ip": "192.168.1.10",
      "server.ip": "192.168.1.11"
    }
  }
}

"###"
"### Sample: for"
"###"
{
  "client": "${client.ip}", 
  "server": "${server.ip}:80",
  "sequence": [
    "*** Standard Syntax ***",
    {
      "op": "for",
      "l.begin": 0,
      "l.end": 10,
      "l.name": "i",
      "l.sequence": [
        ["tcp.send", "text", "Hello"]
      ]
    },
    
    "*** Compact Syntax ***",
    ["for", [0, 10], "i",
      [
        ["tcp.send", "text", "Hello"]
      ]
    ]
  ]
}

"###"
"### Sample: for.session"
"###"
{
  "client": "${client.ip}", 
  "server": "${server.ip}:80",
  "sequence": [
    "*** Standard Syntax ***",
    {
      "op": "for.session",
      "l.begin": 0,
      "l.end": 10,
      "l.name": "i",
      "l.sequence": [
        ["tcp.send", "text", "Hello"]
      ]
    },
    
    "*** Compact Syntax ***",
    ["for.session", [0, 10], "i",
      [
        ["tcp.send", "text", "Hello"]
      ]
    ]
  ]
}

"###"
"### Sample: for.process"
"###"
{
  "client": "${client.ip}", 
  "server": "${server.ip}:80",
  "sequence": [
    "*** Standard Syntax ***",
    {
      "op": "for.process",
      "l.begin": 0,
      "l.end": 10,
      "l.name": "i",
      "l.sequence": {
        "client": "1.1.1.1", 
        "server": "2.2.2.2:80",
        "sequence": [
          ["tcp.send", "text", "Hello"],
          ["tcp.recv", "text", "Hello"]
        ]
      }
    },
    
    "*** Compact Syntax ***",
    ["for.process", [0, 10], "i",
      {
        "client": "1.1.1.1", 
        "server": "2.2.2.2:80",
        "sequence": [
          ["tcp.send", "text", "Hello"],
          ["tcp.recv", "text", "Hello"]
        ]
      }
    ]
  ]
}


"###"
"### Sample: process"
"###"
{
  "client": "${client.ip}", 
  "server": "${server.ip}:80",
  "sequence": [
    "*** Standard Syntax ***",
    {
      "op": "process",
      "sequence": [
        {
          "client": "1.1.1.1",
          "server": "2.2.2.2:9999",
          "sequence": [
            ["tcp.send", "text", "Hello"]
          ]
        },
        {
          "client": "3.3.3.3",
          "server": "4.4.4.4:9999",
          "sequence": [
            ["tcp.send", "text", "Hello"]
          ]
        }
      ]
    },
    
    "*** Compact Syntax ***",
    ["process",
      [
        {
          "client": "1.1.1.1",
          "server": "2.2.2.2:9999",
          "sequence": [
            ["tcp.send", "text", "Hello"]
          ]
        },
        {
          "client": "3.3.3.3",
          "server": "4.4.4.4:9999",
          "sequence": [
            ["tcp.send", "text", "Hello"]
          ]
        }
      ]
    ]
  ]
}


"###"
"### Sample: TCP"
"###"
{
  "client": "${client.ip}", 
  "server": "${server.ip}:80",
  "sequence": [
    "*** Standard Syntax ***",
    {
      "op": "tcp.send",
      "p.type": "text",
      "p.value": "message"
    },
    {
      "op": "tcp.send",
      "p.type": "text",
      "p.value": [
        "line1",
        "line2",
        "line3"
      ]
    },
    {
      "op": "tcp.recv",
      "p.type": "text",
      "p.value": [
        "line1",
        [
          "line",
          "2",
          "\r\n"
        ],
        "line3"
      ]
    },
    {
      "op": "session.new"
    },
    "*** Compact Syntax ***",
    ["tcp.send", "text", "message"],
    ["tcp.send", "text", ["line1", "line2", "line3"]],
    ["tcp.recv", "text", ["line1", ["line", "2", "\r\n"], "line3"]]
  ]
}

"###"
"### Sample: SSL"
"###"
{
  "client": "${client.ip}", 
  "server": "${server.ip}:443",
  "sequence": [
    "*** Standard Syntax ***",
    {
      "op": "ssl.send",
      "p.type": "text",
      "p.value": "message"
    },
    {
      "op": "ssl.send",
      "p.type": "text",
      "p.value": [
        "line1",
        "line2",
        "line3"
      ]
    },
    {
      "op": "ssl.recv",
      "p.type": "text",
      "p.value": [
        "line1",
        [
          "line",
          "2",
          "\r\n"
        ],
        "line3"
      ]
    },
    {
      "op": "session.new"
    },
    "*** Compact Syntax ***",
    ["ssl.send", "text", "message"],
    ["ssl.send", "text", ["line1", "line2", "line3"]],
    ["ssl.recv", "text", ["line1", ["line", "2", "\r\n"], "line3"]]
  ]
}


"###"
"### Sample: UDP"
"###"
{
  "client": "${client.ip}", 
  "server": "${server.ip}:1234",
  "sequence": [
    "*** Standard Syntax ***",
    {
      "op": "udp.send",
      "p.type": "text",
      "p.value": "message"
    },
    {
      "op": "udp.send",
      "p.type": "text",
      "p.value": [
        "line1",
        "line2",
        "line3"
      ]
    },
    {
      "op": "udp.recv",
      "p.type": "text",
      "p.value": [
        "line1",
        [
          "line",
          "2",
          "\r\n"
        ],
        "line3"
      ]
    },
    "*** Compact Syntax ***",
    ["udp.send", "text", "message"],
    ["udp.send", "text", ["line1", "line2", "line3"]],
    ["udp.recv", "text", ["line1", ["line", "2", "\r\n"], "line3"]]
  ]
}


"###"
"### Sample: DNS"
"###"
{
  "client": "${client.ip}", 
  "server": "${server.ip}:53",
  "sequence": [
    "*** Standard Syntax ***",
    {
      "op": "dns.q.a",
      "q.name": "www.domain.com"
    },
    {
      "op": "dns.q.a",
      "q.name": "www.domain.com",
      "r.answers": "1.1.1.1"
    },
    {
      "op": "dns.q.a",
      "q.name": "www.domain.com",
      "r.answers": ["1.1.1.1", "2.2.2.2"]
    },
    
    {
      "op": "dns.q.aaaa",
      "q.name": "www.domain.com"
    },
    {
      "op": "dns.q.aaaa",
      "q.name": "www.domain.com",
      "r.answers": "2001:db8:a0b:12f0::1"
    },
    {
      "op": "dns.q.aaaa",
      "q.name": "www.domain.com",
      "r.answers": ["2001:db8:a0b:12f0::1", "2001:db8:a0b:12f0::2"]
    },
    
    {
      "op": "dns.q.txt",
      "q.name": "www.domain.com"
    },
    {
      "op": "dns.q.txt",
      "q.name": "www.domain.com",
      "r.answers": "response-text"
    },
    {
      "op": "dns.q.txt",
      "q.name": "www.domain.com",
      "r.answers": ["response-text1", "response-text2"]
    },
    
    "*** Compact Syntax ***",
    ["dns.q.a", "www.domain.com"],
    ["dns.q.a", "www.domain.com", "1.1.1.1"],
    ["dns.q.a", "www.domain.com", ["1.1.1.1", "2.2.2.2"]],
    ["dns.q.aaaa", "www.domain.com"],
    ["dns.q.aaaa", "www.domain.com", "2001:db8:a0b:12f0::1"],
    ["dns.q.aaaa", "www.domain.com", ["2001:db8:a0b:12f0::1", "2001:db8:a0b:12f0::2"]],
    ["dns.q.txt", "www.domain.com"],
    ["dns.q.txt", "www.domain.com", "response-text"],
    ["dns.q.txt", "www.domain.com", ["response-text1", "response-text2"]]
  ]
}


"###"
"### Sample: payload"
"###"
{
  "client": "${client.ip}", 
  "server": "${server.ip}:80",
  "sequence": [
    ["tcp.send", "text", "message"],
    ["tcp.send", "text", ["line1", "line2", "line3"]],
    ["tcp.send", "text", ["line1", ["line", "2", "\r\n"], "line3"]],
    ["tcp.send", "file", "./bin/sample.py"],
    ["tcp.send", "exec", "python ./bin/sample.py"],
    ["tcp.send", "base64", "YWFhYWE=" ],
    ["tcp.send", "base64", ["YWFh", "YWE="] ],
    ["tcp.send", "hex", "41424344"],
    ["tcp.send", "urlenc", "%3A%2F%2A"],
    ["tcp.send", "multi",
      [
        ["text", "message"],
        ["file", "./bin/sample.py"],
        ["multi",
          [
            ["hex", "41424344"],
            ["urlenc", "%3A%2F%2A"]
          ]
        ],
        ["exec", "python ./bin/sample.py"]
      ]
    ]
  ]
}


"###"
"### Sample: sequence"
"###"
[
  "### 1",
  {
    "client": "${client.ip}", 
    "server": "${server.ip}:101",
    "sequence": [
      ["tcp.send", "text", "message1"]
    ]
  },
  
  "### 2",
  {
    "client": "${client.ip}", 
    "server": "${server.ip}:102",
    "sequence": [
      ["tcp.send", "text", "message2"]
    ]
  },
  
  "### 3",
  {
    "client": "${client.ip}", 
    "server": "${server.ip}:103",
    "sequence": [
      ["tcp.send", "text", "message3"]
    ]
  }
]

